company,position,q,a
(주)에스씨케이컴퍼니,신입 바리스타,Q1. 1. 성장과정(자신에 대한 소개) 보기,"""다양한 도전, 서비스직에 대한 높은 관심과 이해도"" 저는 학업에 집중하면서도 다방면으로 역량을 쌓으려 노력했습니다. 교내 동아리활동이나 봉사활동, 기업 인턴을 비롯해 다양한 직종의 아르바이트를 경험했습니다. 짧게는 애견호텔, 고기뷔페, 단순 생산직이 있으며 길게는 유명 프랜차이즈 빵집에서 1년간 샌드위치 제조 기사로 일하였습니다. 더불어 한 마케팅 대행기업에서 인턴으로 일할 당시에는 주로 온라인상의 고객 대응(CS) 업무를 담당하였습니다. 현재는 이러한 경험이 바탕이 되어 서비스직으로의 취업을 희망하고 있습니다. 배움을 멈추지 말자는 생각으로 공부 또한 게을리하지 않으며, 최근에는 중국어 능력 평가인 HSK 시험에서 높은 수준의 자격증을 취득하기도 하였습니다. 글자수 377 자 651 Byte"
(주)에스씨케이컴퍼니,신입 바리스타,Q2. 2. 지원동기 및 포부 보기,"""고객 지향 마인드, 특별한 경험을 선물하는 직원"" 각자 다른 개성과 성향을 가진 사람들과의 만남과 협력, 그것은 서비스직에 대한 보람을 느꼈기에 가능했습니다. 타인의 입장에서 상황을 이해하는 제 자신을 발견할 때마다 해당 분야로 나아가야겠다는 다짐을 하곤 했습니다. 특히 카페로의 취업을 희망하는 이유는 커피 및 식음료에 대한 관심 때문입니다. 국제 유럽 바리스타 자격증인 EUCA를 취득한 뒤로 그 관심이 더욱 커졌습니다. 문화를 선도하며, 업계의 대표주자인 스타벅스에서 이러한 일을 해 나갈 수 있다면 더욱 영광일 것입니다. 저는 제가 가진 성실함이 어떻게 하면 조직에 알맞게 사용될 수 있는지를 고민하였고 다음과 같은 결론을 얻었습니다. 저는 향후, 소비자 개개인에게 맞춤형 서비스를 제공할 줄 아는 사람이 되고 싶습니다. 서비스라는 것은 고객에게 편의를 제공하고, 넓게 보면 그들의 삶을 이롭게 하는 활동이 되어야 한다고 생각합니다. 이에 저는 고객과의 활발한 커뮤니케이션을 통해 유의미한 성과를 내겠습니다. 제가 가진 서비스에 대한 열정이 이곳에서 알맞게 사용됐으면 좋겠습니다. 글자수 556 자 957 Byte"
(주)에스씨케이컴퍼니,신입 바리스타,Q3. 3. 성격상의 장단점 보기,"""타인 중심적 사고를 기반으로 문제를 해결해 나가는 사람"" 저를 가장 잘 표현할 수 있는 단어는 ‘배려’입니다. 평범할 수 있지만 그만큼 정감 있고, 사람에 있어 필수 요건이기도 합니다. 저는 대화의 자리에 임할 때 제 언행이 상대방에게 어떤 영향을 미칠지를 항상 생각합니다. 때로는 이것이 단점으로 이어질 수 있는데, 상대의 기분에 맞추어 대화를 이어가다 보니 거절이나 단호히 말해야 하는 상황에 닥쳤을 때 당황한 적도 있습니다. 이때 저는 문제를 최대한 정확히 인식한 뒤, 다른 솔루션을 찾거나 거절에 대한 이유를 상세히 설명드리는 식으로 문제를 해결하였습니다. 제 자신의 의견은 확실히 전달하면서도 ‘상대를 위한 커뮤니케이션’이라는 나름의 원칙을 지키고 있는 것입니다. 글자수 381 자 655 Byte"
㈜호반호텔앤리조트,인턴 요리사,Q1. 자기소개(자유서술) 보기,"""공부만 하던 18살, 조리의 길로"" 고등학교 2학년 때 요리학원에 다녀보기로 했습니다. 실습수업 첫날, 무를 썰던 그 느낌이 아직도 선명합니다. 공부만 하던 당시 18살인 저에게 음식 재료들이 제 손을 거쳐 하나의 요리가 되는 과정은 신기하고 재미있게 느껴졌습니다. 요리학원에 다니면서 한식 조리사 자격증을 땄고 조리 쪽으로 진로를 정하기로 마음먹었습니다. 그 후 외식조리학전공으로 대학교에 입학하였습니다. 많은 호기심 덕분에 두 번의 산학실습, 2년 동안의 호주 워킹홀리데이, 쌀국수집 매니저, 대학생 기자단, OOOO 교환학생 등 학교 밖에서 더 많은 활동을 하면서 학업에는 다소 소홀하였지만, 조리에 대한 진지함과 열정 그리고 배우고 싶은 마음은 아직도 처음 칼을 잡던 그때와 똑같습니다. 최근 OO OOOO비치에 있는 OOO 호텔에서 조리 인턴 중 코로나로 인해 귀국하였습니다. 좋은점 1 호기심이 많고 새로운 디자인이나 스타일을 찾아다니는데 거부감이 없습니다. 특히 20대 이후의 경험을 통해 다양한 분야의 사람들을 접하게 되면서 그런 성격은 더 커졌습니다. 그러나 너무나 샛길로 많이 빠진 나머지, 정작 중요한 학업은 제대로 소화하지 못한 단점도 있었습니다. 그리고 앞으로 어떠한 길로 나가야 할지에 대한 많은 혼란을 겪기도 했습니다. 이 혼란은 조리 관련 경험 외에 대학생 기자단이나 창업컨설턴트, 교환학생, 대형문구점 직원 등의 시간을 겪으며 4학년에 가서도 여전히 계속되었고, 고민 끝에 제 영역에서 전문성을 강화하고자 OO 조리 인턴이라는 길을 선택하였습니다. 아쉬운점 1 여러 가지 많은 고민을 한끝에 내린 결정이니만큼 후회는 없었으며, 결과적으로 더욱더 단단하게 제 길을 걸을 수 있게 되었습니다. 호반호텔&리조트에서 이 길을 계속 걸어가고 싶습니다. 글자수 876 자 1,502 Byte 좋은점 1 요리 관련 직무에 관심이 생기게 된 계기와 노력이 잘 기재되었습니다. 아쉬운점 1 본인의 잘못을 고백하듯 말하는 것 보다는 본인의 강점을 부각시키는 것이 더 좋습니다. 가령, 창업컨설턴트-교환학생-기자단 등 다양한 일을 해본 경험이 지원분야에 있어서 어떻게 도움될 수 있는지를 적는 것입니다. 자연스럽게 해석해보면, 고객응대에 있어 누구보다도 자연스럽고 적절하게 대응할 수 있을 것으로 보입니다."
㈜호반호텔앤리조트,인턴 요리사,Q2. 입사 후 자신이 회사 발전을 위해 기여할 수 있는 점 보기,"""조리 수준 향상과 메뉴 개발"" 다른 지원자들에 비해 경쟁력이 있다고 생각하는 부분은 많은 주방 안팎에서의 다양한 조리 관련 경험입니다. 아쉬운점 1 조리학과 재학 중 두 번의 산학실습을 통해 현장 감각을 키웠습니다. 군대에서는 회관 조리병으로 복무하면서 매일 반찬을 직접 만들고, 김치찌개나 된장찌개 등의 메뉴를 준비하는 일을 했습니다. 그리고 제대 후 OO 워킹홀리데이를 비롯하여 OOOO 교환학생 등의 해외 경험을 통해 아시아와 남미 등 세계 여러 지역의 생소한 음식을 접할 기회가 많았습니다. OO홈쇼핑에서 주최한 OO Cookfest OOOO에서 'OO OO! OO OOO'이라는 메뉴로 밀키트 부문 최우수상, OO OOOO에서 주최한 OO OOOO아드에서 'OO OOO'라는 메뉴로 도전상을 수상하기도 했습니다. 또한 실제로 쌀국수집 매니저로 근무하면서 기존 쌀국수 육수에 해산물과 스리라차 소스를 추가해 만든 해산물 쌀국수와 코코넛밀크커리 메뉴를 개발해 판매한 경험도 있습니다. 최근에는 OO OOOO 비치에 있는 OOO 호텔에서 조리 인턴을 하면서 그들의 입맛에 맞는 샐러드나 버거, 스테이크, 타코 등의 요리를 만들었습니다. 이런 다양한 경험들과 탄탄한 기본기를 바탕으로 호텔 내 레스토랑의 조리 수준을 높일 수 있고, 새로운 메뉴를 개발할 때도 기여하겠습니다. 좋은점 1 글자수 660 자 1,125 Byte 아쉬운점 1 ‘다른 지원자들에 비해 경쟁력이 있다고 생각하는 부분은 ~ ’ 없어도 되는 문장입니다. 구체적 경험을 언급하며 ‘다수의 조리 경험’을 어필하는 것이 시작으로 보다 좋습니다 좋은점 1 메뉴 개발 경험을 토대로 지원회사의 매뉴 개발에도 도움이 되겠다는 내용을 잘 연결하였습니다. 하지만, 본인의 메뉴 개발과정을 자세히 적으면서, 그 과정이 어떻게 지원회사의 메뉴개발 과정에 연결될 수 있을지 적는다면 보다 설득력이 있을 것입니다. 가령 메뉴개발을 위해 해당 식당의 고객 선호도를 조사했다면, 호반호텔리조트의 고객 선호도를 반영한 요리개발을 하겠다와 같이 적는다면 보다 핵심이 전달 될 것입니다."
㈜호반호텔앤리조트,인턴 요리사,Q3. 자신이 가진 역량 기술 및 이를 바탕으로 목표를 이룬 경험(구체적 서술) 보기,"""시중에 없는 제품을 찾아내 최우수상까지"" 제가 가진 역량과 기술을 바탕으로 목표를 이룬 경험으로는 작년 OO홈쇼핑에서 개최한 OO Cookfest OOOO에서 대학생 밀키트 부문에서 ‘OO OO! OO OOO’이라는 제품으로 최우수상을 받은 것입니다. 대회에 참가하게 된 계기는 외식조리학과로서 졸업 전 성취를 내고 싶었기 때문이었습니다. 그리고 밀키트 제품은 당시 트렌드로 주목받고 있었기 때문에 대회에 참가하여 본선에 진출하는 것 자체만으로도 큰 경험이 될 것으로 생각했습니다. 메뉴를 고를 때 시중에 없는 제품을 먼저 찾아봤습니다. 당시 OO만 진공으로 포장해서 파는 제품은 있었지만 밀키트용 쿠킹 박스로는 없었습니다. 그래서 OOO이라는 메뉴를 선택하게 되었습니다. 그리고 139팀 중 20개 팀에 선정되어 운이 좋게도 본선까지 진출할 수 있었습니다. 시연 전 메뉴에 대해 발표하는 시간이 주어졌습니다. 밀키트의 조리과정은 단순하지만, 결과물은 뭔가 요리를 했다고 느끼게 해야 한다고 생각했습니다. 그래서 메뉴 발표에서 빠른 조리와 고급요리를 집에서 간단하게 먹을 수 있다는 것 두 가지를 강조했습니다. 그리고 조리 과정도 소스-고기-단무지, 초생강, 실파 이렇게 단 세 단계로 줄였습니다. 실제 시연 때는 본선에 진출한 100팀 중에서 제일 먼저 제출했습니다. 결과적으로 최우수상을 받고 상금 500만 원을 받았습니다. 상금을 받은 것보다 제가 기획한 메뉴가 심사위원들에게 인정을 받았다는 점에서 값진 경험이었습니다. 좋은점 1 글자수 751 자 1,276 Byte 좋은점 1 실제 고객인 소비자와 공급자인 기업의 입장 2 곳에 대한 이해가 잘 드러납니다."
㈜호반호텔앤리조트,인턴 요리사,Q4. 호반그룹이 지속적으로 성장하기 위해 나아가야 할 방향 (지원분야 중심으로 작성) 보기,"""외식사업 투자가 호텔 성장의 열쇠!"" 아쉬운점 1 최근 더플라자 호텔과 반얀트리클럽앤스파 등에서는 호텔 내 레스토랑 운영을 외부에 맡기고 있습니다. 제가 근무했던 OOOO 비치 OOO 호텔도 OOO라는 스타 셰프의 레시피로 레스토랑을 운영했습니다. 결과적으로 많은 고객이 식사를 위해 호텔을 방문하게 되었습니다. 이처럼 호반호텔&리조트도 지금부터 외식사업 분야에 더 투자해 호텔 내에서 우아한 분위기와 격조 높은 다이닝 경험을 할 수 있도록 만든다면 장기적인 관점에서 호반호텔&리조트는 더 빠르게 성장할 수 있다고 생각합니다. 그리고 호반호텔&리조트는 아름다운 자연환경이 있는 곳에 함께 있습니다. 이런 특성을 살려서 호반호텔&리조트만이 할 수 있는 새로운 체험 위주의 콘텐츠를 만든다면 지속해서 성장해나갈 수 있다고 생각합니다. 조리 분야를 중심으로 생각하면 호반호텔&리조트가 위치한 제천이나 제주에서 나는 특산물로 만든 시그니처 메뉴를 만들어서 고객들에게 대접한다면 만족도를 높이고 즐거운 경험을 선사할 수 있을 것입니다. 좋은점 1 글자수 522 자 906 Byte 아쉬운점 1 “호반호텔&리조트의 시그니처메뉴”에 대해서 아래 내용은 자세히 설명하고 있습니다. 소제목은 크게 적기 보다는 아래 본문 내용에서 핵심 단어를 사용하는 것이 보다 직관적입니다. 좋은점 1 기업에 대한 분석이 잘 이루어졌습니다. 게다가 본인의 경험을 바탕으로 기업의 성장방향을 제시한 것이 좋았습니다."
㈜ 커피빈코리아,신입 요리사,Q1. 성장과정 및 학교생활 보기,"처음으로 ‘바리스타가 되어야지’라고 막연하게 생각한 것은 중학교 1학년 때였던 거 같습니다. 그때부터 OOOO에 가서 “OOO OO OOO”이라는 책을 닳도록 읽으며 바리스타에 대한 꿈을 키워나갔습니다. 고등학교에서 커피 학원으로 경험을 쌓는 프로그램을 통해 미숙하지만 한 걸음씩 내디뎌 갔습니다. 또한, 고교직업위탁 교육으로 OOOOOO전문학교에 가게 되었고 그곳에서도 역시 커피를 배웠습니다. 좋은점 1 저를 포함한 대부분의 친구들은 커피를 배우기 위해 그곳으로 갔지만, 처음에 맞닥뜨리게 된 것은 조주기능사 취득이었습니다. 커피를 배우러 왔는데, 뜬금없이 칵테일을 배우게 된 일부 아이들은 교수님께 반발했습니다. 그러나 교수님은 저희에게 영상을 하나 보여주셨는데, 월드 바리스타 챔피언 ‘OOOOO’의 2015년 대회시연 프레젠테이션이었습니다. 그 내용은 와인의 포도재배기술을 커피 재배에 접목, 보다 높은 당도의 커피 재배 결과를 보여주었습니다. 이에 교수님은 커피와 와인, 그리고 칵테일 모두 상호 밀접하여 모두 배워야 한다고 말하였습니다. 누군가에게는 별거 아니었을 영상이었지만 저는 아주 감명 깊게 보았습니다. 그 결과 술과 같은 더욱 넓은 범위를 볼 수 있게 되었고 이것은 조주기능사 취득의 원동력이 되었습니다. 그 후 OOOOOO전문학교 와인바리스타 과에 진학 및 커피와 칵테일, 호텔서비스를 공부하였습니다. 좋은점 2 글자수 684 자 1,163 Byte 좋은점 1 성장과정의 내용을 지원직무에 호감을 가지게 된 계기, 관심을 키워 온 과정에 초점을 맞추고 있어 호감을 주고 있습니다. 좋은점 2 학교생활 전반에 걸쳐 지원자의 모습을 파악할 수 있는 내용이 아니라는 점이 아쉽습니다. 지원직무와 연관이 있는 사례를 제시하고 있다는 점이 좋습니다."
㈜ 커피빈코리아,신입 요리사,Q2. 성격(장ㆍ단점) 및 인간관계 보기,"저의 성격은 목표지향적이라고 생각합니다. 입대 후 스마트폰을 할 수 없는 상황에서, 수첩은 곧 스마트폰이 되어 충동적이고 할 일을 자주 까먹는 것에 대비할 수 있는 저만의 무기가 되었습니다. 언제나 주머니속에 군용수첩과 펜을 넣어다니는 게 습관이 되어 업무들을 메모하고 수행해야 할 임무에 대해 공부하며 너무 고민이 많을 때마다 머릿속에 떠오르는 생각과 앞으로 할 일을 적어두는 습관을 길렀습니다. 그러다보니 업무에 능률도 조금씩 오르며 메모하는 습관에 대해 선임들에게 칭찬을 받기도 하였습니다. 그리고 후임들에게도 메모하는 습관을 전파해주기도 하였습니다. 아쉬운점 1 글자수 311 자 544 Byte 아쉬운점 1 글 서두에 제시한 결론과 이후 내용이 다른 내용이라는 점이 아쉽습니다. 지원자는 자신의 장점을 목표지향적이라고 했는데, 뒤 사례는 그에 대한 내용이 아니라 메모하는 습관에 대해 이야기 하고 있습니다."
㈜ 커피빈코리아,신입 요리사,Q3. 경력 및 지원동기 보기,"‘어떻게 하면 내가 좋아하는 커피와 거리가 좁혀질 것인가?’ 라는 저만의 숙제를 풀고 싶어 무작정 바리스타 보조역할을 맡고 OOOO 신촌 직영점에서 일을 하였습니다. 당시 점장님은 후일에 저를 채용한 이유를 다른 무엇도 아닌 준비성이라며 알바생을 채용할 때 자격증이나 학력보다 면접과 같은 기본요소도 있겠지만 보건증까지 들고 오는 철저한 준비성을 가진 사람은 처음이라고 하였습니다. 주말 미들타임마다 건물에 손님들이 매우 붐비는 바에서 벗어나지 못하는 바리스타를 도와 4층까지 뛰어다니며 몸소 체득한 경험이 생각납니다. 이런 체득한 경험과 함께 저의 커피에 대한 열정을 접목시켜 저만의 인생 목표를 향해 한걸음 한걸음, 다가 가겠습니다. 좋은점 1 항상 QC를 위하여 직영점만을 고집하는 프리미엄 브랜드, 커피빈의 까다로운 바리스타 경험과 노하우를 토대로 저를 성장시키고 싶어 지원하게 되었습니다. 아쉬운점 1 글자수 441 자 769 Byte 좋은점 1 내용이 호감을 주고 있습니다. 실제 업무 경험을 구체적으로 제시한 점이 좋고, 보건증을 챙긴 사례는 지원자의 준비성을 엿볼 수 있는 아주 좋은 내용입니다. 아쉬운점 1 이 회사의 자기소개서 글자수 제한이 몇 자인지 모르겠지만 이 부분이 회사지원동기인데, 너무 건성으로 써져 있다는 점이 아쉽습니다."
㈜ 커피빈코리아,신입 요리사,Q4. 입사포부 및 기타사항 보기,"저에게 있어서 서비스는 봉사임과 동시에 고객을 맞이할 때 최우선이 되어야 하는 당연한 매너라고 생각하기 때문에 고객들에게, 보다 훌륭한 서비스를 해드리고 싶습니다. 이 기회를 제가 지원하는 커피빈 코리아와 함께하며 최고의 서비스맨으로 성장해나가고 싶습니다. 이와 같은 이유로 고등학교 2학년 때부터 누군가에게 도움이 되고 싶다는 의지를 가지고 시작한 헌혈이 벌써 32회가 되었습니다. 항상 누군가에게 도움이 되고, 봉사 정신으로 서비스에 임하며 메모하는 습관을 통해 열심히 레시피를 쓰고 익히며 외우고, 배우는 자세로 성실히 노력하는 모습을 보여드리겠습니다. 좋은점 1 글자수 312 자 544 Byte 좋은점 1 실현 가능성 없는 거창한 목표를 이것 저것 제시하는 것보다 이런 내용이 훨씬 더 진정성 있게 느껴집니다. 만약 관련 지식도 없고, 경험도 없다면 막연한 내용이 되었을 것이지만 지원자는 나름대로 전문성을 가지고 있고, 경험도 있기에 이런 소소한 내용에서 더 큰 진정성이 느껴진다는 것입니다."
㈜풀무원,신입 요리사,Q1. 성장환경 및 성격 보기,"""문은 두드려야 열린다"" 중학교 3학년 때 현재 사는 곳으로 전학을 왔습니다. 중학교의 마지막 학년인 만큼 반 학우들은 이미 서로 친해져 있어서 마음과 달리 선뜻 말을 걸기가 어려웠습니다. 하지만 '문은 두드려야 열릴 것이다'는 생각을 갖고 있었기에 먼저 나의 소개를 시작으로 짝꿍에게 다가갔습니다. 그렇게 친해진 친구 덕분에 새로운 학교에 빠르게 적응할 수 있었습니다. 아쉬운점 1 그때의 경험으로 적극적인 소통의 중요성을 알게 되었습니다. 그리고 3번의 실습 중에 대학교 4학년 때 OO 기업 단체급식소에서 가장 크게 발휘할 수 있었습니다. 배식 하며 고객과의 대화를 통해 식단 작성에 참고할 수 있었고, 여사님들께 먼저 다가갔기 때문에 쉽게 적응하도록 도와 주셨습니다. 저의 외향적인 성격을 적극 활용하여 고객지향 이념에 맞도록 실력을 발휘하고 싶습니다. 아쉬운점 2 글자수 425 자 724 Byte 아쉬운점 1 이 내용을 보고 지원자의 성장환경을 느낄 수 없었다는 점이 아쉽습니다. 이 내용은 어린 시절에 친구를 사귈 때, 어떻게 했다는 이야기이지 지원자의 성장환경에 대한 이야기가 아닙니다. 아쉬운점 2 성격에 대한 항목입니다. 특별히 큰 문제가 있는 것은 아니지만 그렇다고 특별히 관심이 가는 내용도 아니라는 점이 아쉽습니다."
㈜풀무원,신입 요리사,Q2. 지원동기와 지원직무에 적합하다고 생각하는 이유 보기,"""먹는 버릇 여든까지 간다"" 1인 가구가 증가하면서 1끼를 먹더라도 건강하게, 가치있게 소비를 하는 현대인들에게 관심을 갖고 있었습니다. 영양사가 되어 개별 상담을 통해 앞으로의 식습관 방향을 제시해 주는 것이 건강하고 더 나은 삶의 질을 목표로 하는 저의 가치관과 부합하였습니다. 초등학교에서 영양 상담을 실시했습니다. 다수 학생들의 고민인 비만에 대한 문제점에 대해 이야기하고, 식단 추천을 해주었습니다. 이러한 경험 외에 영양사는 위생에 대해 전문적으로 알고 있어야 한다고 생각합니다. 따라서 전공과목인 위생학을 배우는 것에 그치지 않고, 위생사 자격증를 취득하여 위생 분야의 전문성을 키웠습니다. 위와 같은 경험과 능력을 바탕으로 영양사의 업무를 열정적으로 수행하겠습니다. 아쉬운점 1 글자수 389 자 669 Byte 아쉬운점 1 어느 회사에 지원하더라도 이 내용을 그대로 쓸 수 있다는 점이 문제입니다. 즉, 지원하는 회사에 맞게, 회사의 특성을 고려하여 작성한 글이 아니라는 것이고, 이는 인사담당자에게 다른 곳에도 이대로 쓰는 자기소개서라는 인식을 갖게 한다는 점에서 불성실한 지원동기로 느낄 수 있습니다."
㈜풀무원,신입 요리사,Q3. 입사후 포부 보기,"현재 연화식은 앞으로 주된 사업이며 귀사는 지속적인 투자를 하고 있습니다. 입사 후에 영양사 로서 2년간 경력을 쌓은 뒤에 임상영양사 공부를 병행하여 추가로 면허증을 취득하겠습니다. 그 후 실버 푸드 사업에 참여하여 추가적인 개발로 회사를 성장시키는 일원이 되는 것이 목표입니다. 아는 만큼 보인다는 말이 있습니다. 단순히 식단표에 메뉴명만 써 놓기 보다는 '낙지에는 타우린 성분이 들어가 있어 피로해소 효과가 있습니다'등의 식자재의 효능을 식단과 함께 게시하겠습니다. 추가로 식단에 제공되는 제철식품, 글로벌 메뉴 등의 설명이 포함된 브로셔를 제공하겠습니다. 브로셔를 활용하여 '자연과 건강을 지키는 No1기업'임을 한번 더 느끼게 하고 꾸준히 고객들이 먼저 찾도록 하는 영양사가 되겠습니다. 아쉬운점 1 글자수 397 자 680 Byte 아쉬운점 1 지원자가 학업적으로 무엇을 하겠다는 것은 이 항목에서 듣고 싶은 이야기가 아닙니다. 이 항목은 직장인으로서, 또한 이 회사 직원으로서 업무를 어떻게 할 것인지, 그리고 그 과정에서 어떤 성과를 어떻게 만들어보고 싶은지에 대한 업무 목표와 계획을 듣는 항목입니다. 그러기 위해서는 우선, 이 회사에 대한 분석이 선행되어야 하고 그 내용을 바탕으로 자신의 목표를 제시하는 것이 중요합니다. 제시한 목표와 계획이 너무 일반적이고 소소한 이야기라 전혀 호감가지 않는다는 점이 아쉽습니다."
㈜현대그린푸드,신입 요리사,Q1. 성장환경 및 성격 보기,"""작은 경험의 힘"" 휴게소에 있는 붕어빵 가게에서 위생관리를 하게 되면서 식품과 관련해서 처음으로 중요한 업무를 맡아 보았습니다. 매장 안 식품들의 영양표시량과 유통기한이 적혀 있는 모든 종이를 포트폴리오 파일에 보관하고, 평소 바빠 신경을 못 쓰던 냉장고 안까지 전부 닦아 깨끗한 상태를 유지하였습니다. 위생검사가 있던 날 결과는 상, 중, 하에서 '상'을 받게 되었습니다. 아르바이트라는 경험을 통해 식품 관련 직무에 자부심을 느끼게 되었으며 또한, 식품 관련직에 종사하면 이러한 업무도 있다는 것과 뿌듯함을 얻을 수 있는 직업임을 느끼게 되었습니다. 아쉬운점 1 저의 성격의 가장 큰 장점은 '긍정적인 생각을 기본으로 하면서 사는 것'입니다. 일상이나 업무와 관련된 부분에서 언제는 잘 풀리다가도 꼬일 때가 있습니다. 이렇게 감정조절이 안되는 어려운 상황일 때는 흔히 긍정적으로 생각하는 것을 통해 해결책을 찾으려고 하면서 감정적으로 흔들리지 않고 굳건한 성격을 발휘합니다 아쉬운점 2 글자수 487 자 840 Byte 아쉬운점 1 전공이나 직무와 연관된 경험이기는 하지만 이 내용은 성장과정에 대한 내용이 아닙니다. 이 회사 자기소개서 항목이 대학생활을 쓰는 부분이 없기 때문에 대학생활을 포함하는 것은 문제가 되지 않지만 대학생활 만을 쓰는 것은 항목의 의도에 맞지 않는 내용이 됩니다. 성장과정은 지원자의 근본을 확인하고자 하는 의도가 있기 때문에 어린 시절부터 지금까지 지원자가 일관성 있게 변하지 않는 특징에 초점을 맞춰 작성하는 것이 좋습니다. 또한 그 내용이 지원 직무가 요구하는 인성적, 성격적, 업무적 특징에 잘 부합할 때, 더 큰 호감을 줄 수 있습니다. 현재 내용은 대학시절에 경험한 하나의 사례일 뿐, 성장과정으로서는 특별한 의미가 없는 내용입니다. 아쉬운점 2 글자 수 제한 때문에 이렇게 썼을 수도 있지만 자신의 주장에 대해 근거를 제시하지 않은 점이 아쉽습니다. 즉, 자신의 긍정성이 돋보인 사례를 간략하게라도 제시하는 것이 좋습니다. 현재는 무조건 나는 이렇다는 식으로 써 놓아서 무조건 믿어라는 식으로 비춰지고 있습니다."
㈜현대그린푸드,신입 요리사,Q2. 현대백화점그룹이 지향하는 6가지 중요한 핵심가치(열정/자율창의/지속성장/업무혁신/고객지향/상생추구 중 택1)와 부합하는 업적 또는 경험 보기,"""트렌드에 맞춤화된 강한 기업"" 저는 '지속성장'이야 말로 개인과 기업에 가장 큰 업적이라고 생각하면서 지속성장과 관련하여 깨달음을 얻었습니다. 대학교 전공과제로 '생애주기에 맞는 식습관 교육'에 관한 과제를 한 경험이 있습니다. 영아기부터 노인기까지 각 연령층에 맞는 식습관을 파악하고 그것에 맞는 식자재를 찾는 내용이었습니다. 하지만 다양한 연령층 조사와 함께 최근에는 맞벌이, 핵가족, 독거노인 등 혼자 요리를 해야 하는 상황은 현실적으로 어려웠습니다. 가정간편식을 이용해야겠다 생각이 들어 식품 기업들을 찾아본 결과 현대그린푸드의 현황이 나와 있는 기사를 접하게 되었습니다. 그중 연화식을 주제로 한 실버푸드에 관한 기사였습니다. 현대사회에서는 점점 고령화, 저출산 문제가 야기되고 있어 식품 또한 사회에 맞게 변화되는 것이 회사의 고객뿐만이 아니라 각 연령층에 맞는 식단제공이 모두에게 도움이 되는 가장 올바르게 지향된 선택이라고 느낍니다. 아쉬운점 1 글자수 478 자 831 Byte 아쉬운점 1 질문을 잘 못 이해하고 쓴 글입니다. 이 항목은 회사의 중요한 핵심가치 한 가지를 선택하고 그에 맞는 지원자의 경험이나 성과를 쓰는 항목입니다. 지원자가 지속성장을 선택했다면 자신이 지속적인 성장을 위해 어떤 노력과 행동을 했는지 제시하는 것이 핵심입니다. 현재는 그에 대한 내용이 아닙니다."
㈜현대그린푸드,신입 요리사,Q3. 지원동기와 지원직무에 적합하다고 생각하는 이유 보기,"""나눔을 함께 하면 배가된다"" 제가 생각하는 영양사가 갖춰야 할 가장 중요한 자세란, 단지 영양사를 직업으로만 보는 것이 아닌, 내가 직접 구성한 식단이 누구에게 제공되는지를 파악하는 것입니다. 아무리 좋은 식단을 짜도 대상에게 맞지 않는 영양소를 섭취할 경우 영양소가 부족한 현상을 계속됩니다. 현재 고령화, 맞벌이 가족, 1인 가족, 소외계층 등 현대사회의 문제점이 크게 두드러지고 있습니다. 이는 식사와도 문제점이 크게 연관되는데, 모두 혼자서 밥을 차려 먹기 힘든 입장이라는 것입니다. 아쉬운점 1 현대그린푸드에 대해 알아보던 중 사회공헌활동에 크게 기여한 것을 알았습니다. 저 또한 특히 소외계층에 관심이 많아 도움의 손길을 주려고 노력합니다. 좋은 사람과 함께 있으면 좋은 일만 일어나듯, 개인적인 이득을 위해서가 아닌 사회 전체에 힘을 주는 현대그린푸드와 함께 공생하며 나눔의 정신을 실천할 것을 다짐합니다. 아쉬운점 2 글자수 455 자 783 Byte 아쉬운점 1 불필요한 내용입니다. 글자 수 제한이 있는 상황에서 영양사에 대한 지원자의 생각은 적절하지 않습니다. 이 항목에서 요구하는 것은 회사 지원동기와 지원자가 왜 이 회사의 영양사에 적합한지를 제시하는 것입니다. 아쉬운점 2 회사 지원동기가 형식적인 내용이라 이 회사의 지원직무에 대한 분석이 제대로 진행되지 않은 것 같습니다. 회사 지원동기는 이런 내용이 아니라 자신이 이 회사에서 왜 일을 잘 할 수 있고, 왜 성과를 낼 수 있는지, 회사의 특성, 업무 환경, 내부 조직문화 등을 조사하여 그에 맞춰 작성하는 것입니다. 회사의 사회공헌활동과 지원자가 영양사로 일하는 것이 무슨 연관이 있는지 잘 모르겠습니다. 그리고 왠만한 규모의 회사는 대부분 사회공헌활동을 하고 있기에 이 회사만의 지원동기도 아닙니다."
㈜현대그린푸드,신입 요리사,Q4. 입사 후 포부 보기,"""안전하고 철저한 식품 유통, 현대그린푸드"" 현대그린푸드만의 다양하고 풍부한 단체급식 운영 경험과 고객의 니즈 파악을 토대로 소비자들이 믿고 즐길 수 있는 단체급식 기업으로서의 정체성을 함께 강화하고 싶습니다. 먼저 입사 후 1년 이내에 현대그린푸드의 경쟁력을 완벽하게 파악하겠습니다. 단체급식, 푸드서비스, 외식, 식자재 유통 사업을 이해하고, 활용할 수 있도록 기본에 충실한 사원이 되도록 노력하겠습니다. 입사 후 5년 이내에 식단에 활용 가능한 메뉴 분석을 통하여 메뉴개발 분야에서의 전문가가 되겠습니다. 영양사의 기본역량을 키우고, 현대사회 식품 트렌드를 파악하고 새로운 환경에 맡는 메뉴 개발의 변화를 주도하겠습니다. 그리고 최종적으로 입사 후 10년 이내에 국내 단체급식에서만 국한되지 않고 외국인 급식 운영 사업을 더욱 성장하기 위해 현대그린푸드의 특화된 영업 전략을 세분화, 구체화하여 더욱더 고객들에게 맞는 식단을 제공 할 수 있도록 최선을 다하겠습니다. 아쉬운점 1 글자수 490 자 848 Byte 아쉬운점 1 특별함이 없는 포부입니다. 많은 지원자들이 쓰는 방식으로 쓴 식상한 포부라는 것입니다. 입사 후 빨리 적응하고 충실한 지원이 된 다음 해당분야 전문가가 변화를 주도하겠다는 것이 결론입니다. 그런데 문제는 단 하나라도 구체적으로 어떻게 하겠다는 말이 없다는 것입니다. 즉, 지원자가 하겠다고 하는 것들이 어떤 방식으로, 왜, 이 회사의 특성에 비춰 보았을 때, 어떤 가치와 의미가 있는지 등, 구체적인 내용이 없고, 막연히 무엇을 하겠다는 주장만 하고 있습니다. 즉, 누구나 쉽게 말할 수 있는 거창한 포부라는 것입니다. 여러가지 이야기하는 것 보다 단 하나라도 구체적인 방법론을 제시한다면 지원자의 말에 신뢰를 가질 것입니다."
씨제이프레시웨이㈜,신입 요리사,"Q1. 소속된 단체에서 팀원과 협력하여 최고의 성과를 내기 위해 노력했던 경험에 대해 작성해 주세요. (최근 4년 이내의 경험에 한하며, 최고의 성과를 낸 과정, 결과, 소속 단체 내에서의 역할 등) (1000자) 보기","대학생 2학년 시절 교양과목에서 팀끼리 UCC를 만들어야하는 과제가 있었습니다. 저는 팀원들과 함께 카페 먹거리UCC 홍보영상을 만들게되었습니다. 좋은점 1 처음 만난 분들과 같이 새로운 영상을 만들어야 한다는 부담감이 컸습니다. 각자 다른 전공을 하고 있는 분들과 같이 의견을 내어 통합한다는 것이 어려웠지만 여러 의견을 종합하여 같이 시너지 효과를 창출해냈다는 것이 좋은 경험이었습니다. 저는 이 팀에서 조력자의 역할을 해냈던 것 같습니다. 이 협력자의 역할을 통해 책임감을 배웠습니다. 팀에서는 리더가 가장 중요한 것이 아니라 팀원들이 모두 다 힘을 합쳐서 절실히 노력해야지만 좋은 결과물이 나온 다는 것을 깨달았고 휘청이던 팀워크에서 서로의 의견을 종합하고 촬영한 결과 좋은 영상이 나올 수 있었습니다. 좋은점 2 저는 팀에서 다양한 의견을 제시하는 팀원이었습니다. 처음에는 저 역시 무슨 영상을 만들어야 할지 막막한 기분이었습니다. 하지만 한가지를 제시하면서 또 다른 창의적인 생각들이 떠올라 여러가지를 제시해 보았고 같은 팀원들 역시 긍적적인 반응을 보이며 저의 의견을 중시해주었습니다. 저의 의견 뿐만 아니라 다른 팀원들의 의견을 다 모아 종합하여 한 가지의 주제를 정하고 촬영하니 최고의 성과를 이루어 낼 수 있었던 것 같습니다. 이를 통해 팀워크가 얼마나 중요한지 알 수 있었고 앞으로의 팀 프로젝트가 또 생긴다면 적극적이면서 창의적인 생각을 통해 팀에게 도움이 될 수 있는 사람이 되고 싶다는 생각이 들었습니다. 아쉬운점 1 제가 이팀에서의 역할은 처음에는 어떤 역할인지 몰랐지만 후에 생각을 해보니 조력자의 역할을 했던 것 같습니다. 리더로 뽑히신 분이 부담 스러워 하거나 힘들어 하시는 부분에 있어 저는 수동적이기 보다는 능동적으로 움직여 팀의 리더분옆에서 도와 줄 수 있는 사람이 되었습니다. 그 결과 좋은 UCC결과물을 제출하였고 높은 성과를 받을 수 있게 되었습니다. 아쉬운점 2 글자수 934 자 1,612 Byte 좋은점 1 직무와 직접적인 연관이 있는 소재를 활용했다는 점이 좋습니다. 음식을 소재로 한 사례가 지원자의 지원분야와 연관이 있어 좋습니다. 좋은점 2 배경 설명에 해당되는 부분입니다. 이 경험이 본인에게 어떤 의미가 있는지를 잘 설명하였고 당시 상황에 대해 쉽게 이해할 수 있도록 거창하지 않게 잘 작성하였습니다. 아쉬운점 1 구체적인 내용이 없다는 점이 아쉽습니다. 그냥 막연히 창의적인 아이디어를 냈다라고만 써져 있습니다. 인사담당자가 읽어 보았을 때, 정말 의견을 많이 냈고, 그 내용이 창의적이라는 느낌이 들어야 하는데, 현재는 지원자의 주장만 있습니다. 아쉬운점 2 구체적인 내용이 없는 마무리입니다. 그리고 앞뒤 설명 없이 좋은 결과물을 제시하고 높은 성과를 받았다는데, 공감이 되지 않습니다."
씨제이프레시웨이㈜,신입 요리사,"Q2. 지원하신 직무를 잘 수행할 수 있다고 생각하는 이유를, 보유한 전문지식 및 스킬과 관련하여 기술하시오. 보기","제가 직무를 잘 수행할 수 있다고 생각하는 이유는 전공수업을 통한 지식과 자격증에 있습니다. 저는 학업을 하면서 동시에 자격증에 대해 공부하고는 하였습니다. 한식조리자격증이나 위생사 영양사 등 그리고 현재까지도 새롭게 준비하는 자격증 모두 식품영양학과의 영양사 직무를 수행하기 위한 자격증들입니다. 제가 쌓아온 지식과 자격증들을 공부하면서 배운 것들을 통해 영양사 업무를 잘 해내리라고 생각합니다. 아쉬운점 1 제가 갖고있는 전문지식은 아무래도 식품영양에 대한 지식입니다. 어떤 음식을 먹어야 이로운 점이 있고 또 안좋은 점이 있는지 등을 알 수 있을 것입니다. 저는 평소에 요리를 좋아하여 퓨전요리에도 관심이 많은 편입니다. 대체적으로 잘 먹지 못하는 음식을 새로운 조리 레시피를 개발해서 대체적으로 맛있게 먹을 수 있도록 하는 레시피를 만들어 낼 수 있습니다. 아쉬운점 2 영양사의 직무에서 가장 필요한 것은 리더쉽과 꼼꼼함 이라고 생각합니다. 저는 평소에 제가 지출한 금액이 생기거나 들어오는 금전이 생긴다면 용돈기입부에 적어둡니다. 그렇게 계획적으로 하다보니 돈을 절약할 수 있었습니다. 이러한 면이 실제 영양사 업무에서도 남김없는 식재료와 적절한 식품 구입 등의 업무를 잘 수행할 수 있을 것이라고 생각됩니다. 또 리더쉽 역시 저만의 스킬입니다. 리더쉽이란 조리를 하시는 여사님들과의 관계에서 필수로 필요한 능력이라고 생각됩니다. 학교에서의 다양한 발표와 팀프로젝트 등의 UCC 활동으로 남들과 뒤쳐지지 않는 저만의 리더쉽을 발휘하여 여사님들과의 완만한 관계를 형성해 나 갈 것입니다. 저의 이런 스킬들이 영양사 업무에 있어 일석이조를 넘어 일석사조까지 갈 것이라고 생각됩니다. 영양사 업무야 말로 저의 성향과 매우 적합하다고 생각되며 영양사로 채용이 된다면 능력들을 최대로 발휘하여 모든 업무에 최선을 다할 것입니다. 아쉬운점 3 글자수 910 자 1,578 Byte 아쉬운점 1 물론 이 역량이 중요한 역량이기는 합니다. 하지만 관련 전공자들이 일반적으로 준비하는 내용이라는 점에서 지원자만의 강점으로 보이지 않는다는 점이 아쉽습니다. 전공자로서 당연히 해야 하는 학습을 한 것으로 느껴진다는 점이 아쉽습니다. 아쉬운점 2 내용을 잘 읽어보시면 신뢰 가는 부분이 없다는 것을 알 수 있습니다. 이 부분은 지원자의 주장만 있습니다. 지원자가 어떤 퓨전요리에 관심이 있는지, 어떤 새로운 레시피를 개발할 수 있는지 적절한 근거가 제시되어 있지 않아서 아무런 근거 없이 믿어야 하는 상황입니다. 아쉬운점 3 이 부분도 지원자의 주장이 논리적으로 공감이 되지 않는다는 점이 아쉽습니다. 리더십과 꼼꼼함은 실제 업무에 필요한 역량이기는 합니다. 그런데 지원자가 꼼꼼한 근거가 용돈기입장을 썼다는 것인데, 공감을 가지기에는 부족한 근거입니다. 또한 팀프로젝트를 통해 남들과 뒤쳐지지 않는 자신만의 리더십을 발휘했다고 주장만 하고 그럴 것 같다는 느낌이 들 수 있는 절절한 근거를 제시하지 못하고 있습니다. 인사담당자는 확신이 들지 않는 상황에서 막연히 지원자의 주장을 믿고 채용할 수는 없습니다."
㈜ 아워홈,신입 요리사,Q1. 아워홈에 입사 한다면 어떠한 인재가 되고 싶은지 기술해 주십시오. 보기,"아워홈에 입사를 하게 된다면 투철한 협력 정신과 성실함을 바탕으로 저의 열정을 다하겠습니다. 아쉬운점 1 아워홈을 찾는 고객들의 서비스 만족도를 높이고 나아가 아워홈의 품격을 보다 높일 수 있는 인재가 되겠습니다. 한국을 넘어 글로벌 인재로 성장하기 위해 중국어 공부를 시작하여, 이번 여름 HSK4급 시험에 응시를 하였는데 결과는좋지 못하였습니다. 비록 한 번에 합격하지는 못했지만 저의 목표인 중국어 회화가 가능하도록 저의 부족한 부분을 채우고 다시 시간을 투자하여 공부를 하고 있습니다. 글로벌 시대에 조리 이외의 다재다능함을 겸비할 것이며, 드라마 <미생>에 나온 최고의 명언인 “이루고 싶은 것이 있다면 체력을 먼저 길러라.”라는 말처럼 기본 체력도 탄탄히 기르겠습니다. 기본 체력에 인내심과 정신력을 더하여 끈질긴 도전과 혁신의 자세를 갖출 수 있는 아워홈의 신입 조리사가 되겠습니다. 내규 조직의 목표를 협업하여 이룰 수 있는 끈기를 가지고 항상 긍정적이고 진취적인 자세로 맡은 직무에 보다 높은 성과를 창출해내어 건강한 먹거리를 위한 바른길을 인도할 수 있는 신입 조리사가 되겠습니다. 고객에게 365일 맛있고 건강한 식탁을 제공할 아워홈의 인재가 될 것을 약속드립니다. 아쉬운점 2 글자수 610 자 1,047 Byte 아쉬운점 1 결론적으로 어떤 인재가 되고 싶은지 명쾌하게 제시할 필요가 있습니다. 아쉬운점 2 전체적으로 내용이 정리되어 있지 않고 이것 저것 막 갖다 붙인 것 같은 느낌을 주고 있습니다. 지원자가 제시한 내용은 협력, 성실, 고객서비스, 글로벌 역량, 체력, 인내심, 정신력, 도전, 혁신, 협업, 끈기, 긍정적인 마인드, 진취적 자세, 성과 입니다. 이 많은 역량을 짧은 글 속에 다 표현 하다 보니 내용도 정신 없고, 지원자의 주장에 공감도 할 수 없는 글이 되었습니다. 한 두 가지 특징을 선정하여 집중적으로 내용을 구성하는 것이 더 효과적입니다."
㈜ 아워홈,신입 요리사,Q2. 지금까지 살아오면서 도전적인 목표를 설정하고 노력하여 가장 큰 성취감을 맛 볼 수 있었던 사례를 한가지만 기술해 주십시오. 보기,"친구들과 다양한 경험을 해보자는 생각에 모든 것을 스스로 계획하고 실천하는 해외여행을 목표로 잡았습니다. 여행 자체로도 하나의 공부지만 일석이조의 효과를 내기 위해 생각을 해보다가 글로벌 인재로 거듭날 수 있는 발판을 만들 수 있게 여행지는 현재 해외 사업장을 운영하고 있는 중국과 베트남으로 정하였습니다. 두 나라의 문화와 현지식 메뉴에 대한 이해와 경험해보기 위해서 여행지를 2곳으로 정하여 보았고, 여행 취지에 걸맞게 경비도 스스로 벌어 여행하는 것이 더 성취감을 가질 수 있다고 생각했기에 1년간 단체급식을 경험해보기 위하여 일하였던 아라마크에서 급여를 받으며 따로 적금통장을 만들어 여행경비를 모았습니다. 아쉬운점 1 하지만 시간이 별로 남지 않은 시점에서 친구들과 숙소에 관한 갈등이 생겼습니다. 그 때문에 모든 여행 계획을 다시 짜야 하기에 이르렀고 여행을 포기하려고까지 했습니다. 하지만 목표에 대한 초심을 잃지 않고 여행도서와 인터넷을 활용하여 최대한 합의되는 동선으로 여행 계획을 꼼꼼하게 수정하고 보완하였습니다. 그 결과 모두 만족하는 여행 계획을 세울 수 있었고, 과정은 힘들었지만 여행사 패키지를 통해 여행하는 것에 비해보람차고 알차게 다녀올 수 있었습니다. 여행 기간 동안 바쁜 일상에서 벗어나 시간이 여유 있었기에 미래에 대해서 진지하게 생각을 할 수 있게 되었는데, 그때의 생각을 바탕으로 조리사의 길을 들어서야겠다고 마음먹었으며,현재 이 자리에 설 수 있게 되었습니다. 아쉬운점 2 앞으로도 스스로 해낼 수 있다는 자신감을 바탕으로초심을 잃지 않고 최선을 다하는 모습을 보이겠습니다. 사소한 부분일 수도 있지만 저는 긴 준비과정과 그때의 열정을 가지고 인내심과 정신력을 더하여 끈질긴 승부근성을 가진 아워홈의 신입사원이 되겠습니다. 글자수 865 자 1,506 Byte 아쉬운점 1 좀더 구체적인 상황설명이 필요합니다. 우선 이 경험이 언제 경험인지 제시되어야 합니다. 그리고 현재 해외사업장을 운영하고 있는 중국과 베트남으로 정한 것은 지원하는 회사에 입사 지원하는데 도움을 얻기 위함이었는지, 아니면 그와는 상관없이 정한 장소인데 우연히 회사의 해외사업장과 맞아 떨어진 것인지 분명히 써 줘야 합니다. 아쉬운점 2 여기서 중요한 것은 갈등이 아닙니다. 글 서두에 해외 현지식의 이해와 경험에 대한 내용이 나옵니다. 이 부분에서는 이와 관련한 내용이 채워져야 호감을 줄 수 있습니다. 갑자기 여행 숙소 및 동선에 대한 내용을 제시하여 조금은 엉뚱한 내용이라는 생각이 듭니다. 그리고 이 경험을 통해 조리사의 길을 가겠다는 결심을 했다고 하는데, 그렇다면 처음 여행을 계획할 때, 현지식에 대한 경험을 원했다는 것은 단순한 관심이었는지가 궁금하며 지원자는 한식조리를 전공한 사람으로서 원래 조리사가 목표가 아니었는지도 궁금합니다. 내용이 정리가 안되어 있는 느낌입니다."
㈜ 아워홈,신입 요리사,Q3. 본인이 다른 지원자들보다 차별화 되는 창의성과 독창성에 관한 포인트를 기술해 주십시오. 보기,"단체급식의 업무 기량을 쌓기 위해서 무엇보다도 중요한 것은 경험이라 생각하여 군대 보직을 조리병으로 지원하였습니다. 군단 사령부 간부식당에서 복무를 하면서 늘 같은 메뉴의 반복을 문제점으로 인식하였습니다. 그것을 개선해보고자 매주 수요일에는 조리병들이 메뉴를 결정하고, 당일 식사시간에 메뉴를 알 수 있게 하는 일명 조리병 Day 를 건의하였습니다. 일단 한번 실시해본 후에 결정을 하겠다는 말씀을 들은 후, 세심한 검토를 거쳐 추진을 하였고 결과는 아주 좋았습니다. 그 후 매주 조리병 Day는 실시되었고 참모장님께서는 아이디어와 간부님들의 반응이 좋다며 큰 칭찬과 함께 포상휴가까지 주셨습니다. 저의 자리에서 늘 열심히 하는 모습과 솔선수범하는 성실한 모습에 군단장님 공관 조리병으로 차출되어 A 공관에서 식사, 연회 및 각종 행사 음식을 지원하면서 다양한 경험을 할 수 있었고, 전역하면서 저의 끈기와 열정이 인정받았다는 것에 뿌듯함을 느꼈습니다. 아쉬운점 1 이 계기로 자신감을 얻어 전역 후에 학교를 다니며, 개인사업장에서 아르바이트를 하게 되었을 때 메뉴가 스테이크와 함박스테이크가 단일화된 가게에서 일을 했습니다. 여기서 제가 사장님께 함박스테이크에 카레를 묽게 겯들인 스프 함박 카레를 메뉴로 내보자고 건의드렸고, 직접 만들어서 맛을 평가받고 한번 내보자 하셔서 내고 홍보를 했더니, 인기 메뉴로 인정받아 기뻤습니다. “ 아쉬운점 2 경험을 현명하게 사용한다면, 어떤 일도 시간 낭비는 아니다”라는 말이 있듯이 고정관념에 얽매이지 않는 창의적 사고와 끊임없는 문제 제기를 통한 소통과, 새로운 도전과 개척의 가능성을 찾아가는 열린 생각을 가지며 미래를 향한 아워홈의 신입사원이 되겠습니다. 글자수 833 자 1,443 Byte 아쉬운점 1 질문의 의도를 잘 못 이해하고 있습니다. 이 항목의 핵심은 포인트입니다. 항목의 질문은 다른 지원자들보다 차별화 되는 창의성과 독창성에 대해 내용을 기술하되 그 포인트가 무엇인가를 제시하라는 것입니다. 본 내용은 창의적인 특징을 강조한 내용으로 판단되는데, 결론적으로 지원자의 창의성 포인트는 무엇인지 제시되어 있지 않고 단순히 사례만 제시한 점이 아쉽습니다. 아쉬운점 2 이 역시 질문의 의도를 잘 못 이해하고 작성한 내용이며, 이 사례가 창의성에 대한 내용인지 독창성에 대한 내용인지 명시하지 않았습니다. 결론적으로 지원자의 창의성 또는 독창성에 대한 포인트는 무엇인지 제시되어 있지 않고 단순히 사례만 제시한 점이 아쉽습니다."
㈜ 아워홈,인턴 요리사,Q1. 입사지원 동기 보기,"""사람의 마음을 사로잡는 아이디어 뱅크"" 창의적인 생각과 불편함을 더 좋은 기획으로 바꾸기를 원했던 저는 수능점수가 아닌 꼭 가고싶었던 전공을 선택하였습니다. 지방대학이라는 편견보다는 제가 좋아하는 일을 배우고 할 수 있다는 점에서 열심히 하였고, 성적도 4점을 유지하며 생활하였습니다. 전국의 대회 및 공모전에 참가를 통하여, 경험을 많이 쌓는 노력을 했습니다. 좋은점 1 군시절에서 본부중대에서 군생활을 하면서 항상 훈련때마다 취사실의 식사지원을 했었습니다. 병사들의 힘을 낼 수 있는 식사를 같이 지원함에서 많은 보람을 느꼈었고, 분대장을 달았을 때에는 주말마다 취사병에게 요리를 배우며 분대원들과 함께 할 수 있는 자리가 저에게 큰 의미로 남았습니다. 조리의 전공은 아니지만 열심히 잘 하는 OOO으로서 아워홈에서 꿈을 키워가고 싶습니다. 글자수 414 자 719 Byte 좋은점 1 자신이 하고자 하는 것에 대해 애착과 욕심이 있다는 것을 보여준 것이 좋고 학창생활을 열심히 했다는 것을 강조한 점도 좋습니다."
㈜ 아워홈,인턴 요리사,Q2. 업적 및 활동 보기,"""생각은 열정을 낳고, 불편함은 기회를 낳습니다."" 도전을 좋아했습니다. 특히 자전거와 등산을 즐겨 고향의 근처의 산등을 안가본 곳이 없을 정도로 꾸준히 다니고 있습니다. 좋은점 1 지방방송에서 여행기를 통해 출연하기도 하였습니다. 여행 및 등산을 통해 친구들과의 끈끈한 우정과 저만의 목표에 대한 젊은 날의 도전을 깨우치게 되었습니다. 창의적인 생각을 통하여 저와 세상의 발전을 위하여 많은 활동을 하였습니다. 창업교육과 트리즈 교육을 들으며 저의 성장과 함께 하였습니다. 완벽한 제품과 서비스는 아직 갖추지 못하였더라도 많은 사람에게 꼭 필요한 아이템을 설명하고, 피드백을 받으며 항상 아이디어를 습득할 수 있는 사람으로 성장했습니다. 좋은점 2 글자수 356 자 615 Byte 좋은점 1 기업이 선호하는 특성을 제시한 점이 좋고 그 내용도 호감이 갑니다. 좋은점 2 창의라는 소재를 제시한 점과 어떤 관련된 활동을 했는지 제시한 점은 좋으나 조금 더 구체적으로 내용을 썼으면 더 좋았을 것입니다. 호감이 가는 소재이기 때문입니다."
㈜ 아워홈,인턴 요리사,Q3. 기타사항 보기,"라오스로 해외봉사활동 경험이 있습니다. IT교육과 문화교류 활동을 하였습니다. 라오스 통신발전에 직원들의 IT지식 습득의 자리에 함께 함으로써 같이 발전되는 경험이였습니다. 봉사활동 시간 이후, 라오스에서 사업하시는 한국 사장님들을 많이 만났습니다. 경험을 많이 해보고 누군가에게 정말 필요한 아이템을 찾아 전달하는 것이 사업이라는 말씀을 들었습니다. 저의 짧은 경험과 더불어 일상에서 쓸모있는 필요한 아이템이라면 자신감은 배로 붙어서 상대방에게 전달된다고 여깁니다. 하고자 하는 프로젝트가 있으면 팀원들과 같이 즐길 수 있으며, 다른 기술과 업무지원이 필요하다면 서로에게 도움을 주고받을 수 있게 협력하고 이끌림을 받기도 하고 이끌어 나아갈 수도 있습니다. 아쉬운점 1 글자수 372 자 647 Byte 아쉬운점 1 이 내용이 지원하는 일과 어떤 연관성이 있는지 명확하게 제시해 주면 좋겠습니다. 현재 내용으로는 회사의 산업군, 지원하는 직무와의 연관성이 느껴지지 않습니다."
㈜ 아워홈,인턴 요리사,Q1. 자기소개 및 지원동기를 간략히 기술해 주십시오. 보기,"""함께 공존하는 사회"" 대학교를 입한한 후 여러 아르바이트와 대외활동을 했습니다. 대외활동으로 국토대장정부터 수많은 자원봉사활동 등 여러 사람들을 만나왔습니다. 그런 만남을 통해서 저는 수많은 사회의 구성원들을 화합으로 이루어 나가고, 또 그 속에서 베품을 통해서 최선의 결과물을 만들어 내기도 하였습니다. 항상 많은 구성원들과 공존하면서 원활한 관계를 형성할 수 있는 자세가 되어있습니다. 아쉬운점 1 그런 화합을 아워홈에서 근무하면서 식재의 합리적인 서비스, 최선의 노력과 최고의 품질로 고객들에게 항상 사랑받는 기업을 유지해 나가도록 할 것입니다. 아쉬운점 2 글자수 307 자 533 Byte 아쉬운점 1 이 부분이 자기소개에 해당되는 부분입니다. 무성의하게 작성된 글로 느껴집니다. 여러 아르바이트와 대외활동, 수많은 자원봉사활동 들을 써 놓았는데, 실제로 제시한 것은 국토대장정 밖에 없습니다. 또한 구체적인 상황에 대한 설명이 없어서 공감 가는 부분이 적다는 점이 아쉽습니다. 아쉬운점 2 지원동기를 써야 하는데, 포부를 쓰고 있습니다. 왜 아워홈에 지원하게 되었고, 지원하는 분야에 지원한 동기가 없습니다."
㈜ 아워홈,인턴 요리사,Q2. 지금까지 살아오면서 도전적인 목표를 설정하고 노력하여 가장 큰 성취감을 맛 볼 수 있었던 사례를 한가지만 기술해 주십시오. 보기,"""꾸준함은 탁월함을 능가한다"" 매일 다이어리를 통해서 하루하루를 계획하고 매 시간을 계획하여 항상 계획적이고 짜임새있는 생활을 하여왔습니다. 작심삼일이라고 하루이틀 다이어리를 쓰고 스케쥴을 짠다는 것은 누구나 할 수 있지만, 그것이 1년 2년이지나도록 매일 한다는것은 결코 쉬운일이 아닙니다. 아쉬운점 1 과거를 통해서 현재를 반성하고, 그 결과를 통해 미래를 반영하는 저의 스케쥴을 관리하는 습관은 당장 오늘 내일 본다면 큰 성취감을 맛보지 못하겠지만, 이를 오랜시간 과거를 통해 미래를 바라봤을때 이는 어떤것보다 제 자신에게 큰 재산이고 큰 성취라고 생각합니다. 아쉬운점 2 이러한 꾸준히 계획하고 실천하는 습관은 다른 탁월한 재능도 충분히 능가할 것입니다. 아쉬운점 3 글자수 360 자 624 Byte 아쉬운점 1 항목에서 요구한 내용은 도전적인 목표를 설정하고 노력한 것입니다. 다이어리를 작성하는 것이 도전이었다고 느껴지지 않는 것이 문제입니다. 요구사항에 맞는 내용이 되기 위해서는 어떤 계기로 다이어리를 썼는지, 그게 왜 도전인지 제시해야 합니다. 단순히 자신의 습관을 제시하고 있습니다. 아쉬운점 2 ) 말은 그럴듯하지만 요구사항에 맞는 내용은 아닙니다. 그 이유는 앞 부분에서 도전에 대한 부분을 명확히 제시하지 않았기 때문입니다. 아쉬운점 3 막연한 주장처럼 느껴집니다."
㈜ 아워홈,인턴 요리사,Q3. 본인이 다른 지원자들보다 차별화 되는 창의성과 독창성에 관한 포인트를 기술해 주십시오. 보기,"""기획하고 도전하는 능력"" 대학시절 해외봉사를 떠난적이 있습니다. 해외봉사에는 많은 학생들이 대기업의 해외봉사프로그램을 가는 경우가 많은데, 저는 여기서 모순을 느끼고 정말 제 자신에게 해외봉사가 가고싶은지 질문하였습니다. 좋은점 1 그 답은 가고싶다였고, 그 다음의 행동은 해외봉사를 만들어나가기로 결심하고 학생복지처를 찾아가 해외봉사프로그램을 직접 만들어 기획하여 실행하겠다고 뜻을 내비췄습니다. 좋은점 2 그 결과 긍정적으로 받아들여 프로그램을 기획하고 직접 떠나게 되었습니다. 만약 도전정신이 없었다면 저는 해외봉사를 떠나는 기회는 없었을 것입니다. 항상 도전정신을 가지고 새로운 분야라도 두려움보다는 설레임을 가지고 도전하는 저의 매력은 아워홈에서 큰 긍정적인 영향을 불러올 것이라 확신합니다. 아쉬운점 1 글자수 387 자 680 Byte 좋은점 1 이 내용은 대기업의 해외봉사프로그램은 진솔하지 않다는 느낌을 주고 있습니다. 굳이 다른 봉사활동에 참여하는 지원자의 진실성을 무시할 필요는 없습니다. 그냥 흔하지 않고 스스로 더 큰 보람을 느끼고자 했다라는 정도로 표현해도 되는 부분입니다. 좋은점 2 적극적인 지원자의 모습이 돋보인 사례입니다. 또한 흔하지 않고 항목의 요구사항인 차별화된 사례인 점이 좋습니다. 아쉬운점 1 자신의 뜻이 받아들여진 이유에 대한 설명이 없어 아쉽고 항목에서는 창의성 포인트를 묻고 있는데 도전정신을 제시하고 있습니다. 지원자가 생각하는 이 사례의 창의성 포인트가 무엇인지 제시 할 필요가 있습니다."
㈜현대그린푸드,인턴 요리사,Q1. 성장환경 및 성격 보기,"“성공을 얻는데 중요한 열쇠는 자신감이고, 자신감을 얻는데 중요한 열쇠는 준비성이다"" 고등학교 시절 어머니의 수술로 가족의 끼니가 걱정거리였던 적이 있었습니다. 2주간 매일 삼시세끼를 준비하여야 한다는 부담감에 걱정이 앞서기도 했지만, 그것은 이내 책임감으로 바뀌었습니다. 일단 침착하게 요리 도서와 요리 블로그를 참고하여 저만의 식단표를 작성하였고, 각각 필요한 식재료를 적어서 직접 장도 보고 요리를 했습니다. 병실에 누워계신 어머니께도 음식을 가져다 드렸는데 아주 맛있어 하셨습니다. 음식도 맛있지만 어떻게 이렇게 꼼꼼하게 식단표까지 만들었냐고 하시며 “앞으로 밥은 너가 해도 되겠다.”고 웃으시며 말씀하셨습니다. 대견하다고 칭찬해주시는 어머니를 보며 뿌듯함과 행복함을 느낄 수 있었습니다. 그 경험을 통해 저는 어떤 일이든 그 일을 하기 위해서는 준비와 계획이 중요하고, 또한 자신감을 가지고 모든일에 최선을 다하면 최고의 성과를 창출해 낼 수 있다는 것을 배울 수 있었습니다. 글자수 506 자 875 Byte"
㈜현대그린푸드,인턴 요리사,Q2. 능력 및 주요경력 소개 보기,"“경험을 현명하게 사용한다면, 어떤 일도 시간 낭비는 아니다” 단체급식의 업무 기량을 쌓기 위해서 무엇보다도 중요한 것은 경험이라 생각하여 조리병으로 지원하였습니다. 군단 사령부 간부식당에서 복무를 하면서 늘 같은 메뉴의 반복을 문제점으로 인식하였습니다. 그것을 개선해보고자 매주 수요일에는 조리병들이 메뉴를 결정하고, 당일 식사시간에 메뉴를 알 수 있게 하는 일명 <조리병 데이>를 건의하였습니다. 일단 한번 실시해본 후에 결정을 하겠다는 말씀을 들은 후, 세심한 검토를 거쳐 추진을 하였고 결과는 아주 좋았습니다. 그 후 매주<조리병 데이>는 실시되었고 참모장님께서는 아이디어가 좋다며 큰 칭찬과 함께 포상휴가까지 주셨습니다. 저의 자리에서 늘 열심히 하는 모습과 솔선수범하는 성실한 모습에 군단장님 공관 조리병으로 차출되어 공관에서 식사, 연회 및 각종 행사 음식을 지원하면서 다양한 경험을 할 수 있었고 전역하면서 저의 끈기와 열정이 인정받았다는 것에 뿌듯함을 느꼈습니다. 글자수 499 자 865 Byte"
㈜현대그린푸드,인턴 요리사,Q3. 지원동기 및 기여방안 보기,"“성공한 사람이 아니라 가치 있는 사람이 되려고 힘써라“ 대학교 멘토 시간인 취업 준비와 사회진출 강의 시간에 성공적인 기업 사례 연구조사에 대한 발표를 했었습니다. 그때 저는 기업이 나아가는 방향과 저의 가치관이 일치하는 단체급식 기업인 현대 그린푸드에 대한 내용을 발표하였습니다. 식생활에 대한 관심이 커져가고 있는 추세에 나트륨 섭취 줄이기 등의 캠페인과 안전하고 믿을 수 있는 먹거리를 제공하는 것은 아주 중요합니다. 신뢰, 맛, 건강을 기본으로 최상의 상품과 고객감동을 위한 진정성 있는 서비스로 프리미엄 식문화를 선도하고 깨끗한 환경을 먼저 생각하는 바른 기업의 이념을 알게 되면서 저의 가슴을 뛰게 했습니다. 내규 조직의 목표를 협동하여 이룰 수 있는 끈기를 가지고 항상 긍정적이고 진취적인 자세로 맡은 직무에 보다 높은 성과를 창출해내어 조직융화형 인재가 되겠습니다. 비전 2020에 부합되는 고객을 행복하게, 세상을 풍요롭게 만들어 갈 그린 파트너가 될 것을 약속드립니다. 글자수 508 자 872 Byte"
㈜현대그린푸드,인턴 요리사,Q4. 입사후 포부 보기,"“열정은 기회를 발견하고, 에너지는 그것을 활용한다.“ 입사를 하게 된다면 투철한 협력 정신과 성실함을 바탕으로 현대 그린푸드에 저의 열정을 다하겠습니다. 현대 그린푸드를 찾는 고객들의 서비스 만족도를 높이고 나아가 현대 그린푸드의 품격을 보다 높일 수 있는 인재가 되겠습니다. 한국을 넘어 글로벌 인재로 성장하기 위해 중국어 공부를 시작하여, 이번 여름 HSK4급 시험에 응시를 하였는데 결과는 좋지 못하였습니다. 비록 한 번에 합격하지는 못했지만 저의 목표인 중국어 회화가 가능하도록 저의 부족한 부분을 채우고 다시 시간을 투자하여 공부를 하고 있습니다. 글로벌 시대에 조리 이외의 다재다능함을 겸비할 것이며, 드라마 <미생>에 나온 최고의 명언인 “이루고 싶은 것이 있다면 체력을 먼저 길러라.”라는 말처럼 기본 체력도 탄탄히 기르겠습니다. 기본 체력에 인내심과 정신력을 더하여 끈질긴 승부근성을 가진 현대 그린푸드의 C.A.M.P형 신입사원이 되겠습니다. 글자수 493 자 841 Byte"
삼성웰스토리㈜,신입 요리사,Q1. 자기소개 (400자 이내) 보기,"[감동을 주는 조리사] 저는 학창시절 요리프로를 즐겨보며 요리를 처음 접하게 되었으며 직접 만들어 완성했을 때 의 성취감이 좋았습니다. 요식업 아르바이트를 할 때 음식으로 손님과 소통을 할 수 있다는 것이 매력적으로 다가왔고, ‘음식에 대한 사랑처럼 진실된 사랑은 없다.” 라는 말이 있듯이 어떠한 매개체 보다 더 큰 감동을 전달 해줄 수 있다고 느꼈습니다. 평소 대인관계를 중요시 여기고 상대방을 알아가는걸 좋아해서 직업특성상 동료 간에 협동을 바탕으로 한 팀워크 정신을 실천하며 함께 일하는 즐거움을 느낄 수 있는 조리사 라는 직업을 선택함에 있어 정말 뿌듯함을 느낍니다. 좋은점 1 사람에게 감동을 줄 수 있다는 자부심을 가지고 항상 즐거운 마음으로 업무를 할 준비가 되어 있습니다. 아쉬운점 1 글자수 388 자 664 Byte 좋은점 1 자신의 가치관과 강점을 직무와 연결되게 잘 언급하였습니다. 다만 아쉬운 점이 있다면 전체적으로 자신을 나타내는 이 문장이 첫 문장으로 오면 문맥 구성상 더 나았을 거 같습니다. 아쉬운점 1 감동이라는 소재가 계속 반복 되어서 제목과 첫 문장의 번복으로 마무리 한 느낌이 드네요. 요리로써 사람에게 감동을 주기 위해 어떻게 할 것인지 좀 더 구체적인 방법을 언급했으면 하는 아쉬움이 있습니다."
삼성웰스토리㈜,신입 요리사,Q2. 장점 (200자 이내) 보기,"[센스 있는 움직임] 저는 할 일을 스스로 찾아서 하는 성격입니다. 맡겨진 일에 대해 책임감을 가지고, 여러 작업이 있을 시 최단시간에 업무를 계획성 있게 생각 하면서 효율적으로 일을 끝내는 편입니다. 또한 사람을 만나는 것을 좋아하여 원만한 대인관계를 형성하고 있으며 이는 웰스토리 에 입사 후 협업 할 때 쉽게 적응할 수 있는 원동력이 될 수 있습니다. 아쉬운점 1 글자수 202 자 342 Byte 아쉬운점 1 나열한 장점들은 제목과 연결시키기에는 억지가 있습니다. 가장 큰 장점 하나를 언급하여 제목과 연관시켜서 자신을 스토리를 풀어내면 자신의 장점을 더 부각시킬 수 있을 것입니다. 지금 언급된 것은 센스, 책임감, 효율성, 대인관계, 협업 등 너무 다양하며 이 모든 것을 연결시키려는 작위성이 보입니다."
삼성웰스토리㈜,신입 요리사,Q3. 보완점 (200자 이내) 보기,"[빠른 적응력] 저는 일반적으로 전통을 존중하고 원칙적이며 보수적인 편입니다. 그래서 변화에 있어 빠르게 적응 할 수 있게끔, 상호간의 신뢰와 창의적 의사소통과 열린 마음을 바탕으로 항상 조언을 구하고, 제안을 잘 들음으로써 해결할 수 있는 부분이라 생각하며, 잘 보완하여 새로운 체계적인 시스템이 도입되더라도 빠르게 적응 할 수 있도록 노력하겠습니다. 좋은점 1 글자수 200 자 344 Byte 좋은점 1 자신의 단점을 잘 알고 있고 이를 보완하기 위한 행동을 잘 작성하였습니다. 단점을 명확히 지적하고 자신의 장점을 이용해서 단점을 보완하고자 하는 노력이 보이는 문장입니다. 단, 두 번째 문장이 너무 길어서 이해하기 어려움이 있으니 조금 짧게 쓰는 연습을 해 보세요."
삼성웰스토리㈜,신입 요리사,Q4. 지원동기 및 포부 (500자 이내) 보기,"[삼성 웰스토리의 행복 전달사] 인문계 고등학교로 진학을 하여 하루 일과가 공부였는데, 하루의 유일한 행복이 급식시간 이였습니다. 반복되는 일상에 힘들고 지칠 때 따뜻한 밥 한끼와 다양한 메뉴의 행복이 정말 소중하게 느껴졌습니다. 아쉬운점 1 이 계기로 단체급식에 관심을 가져, 제가 느꼈던 행복을 많은 분들에게 다시 행복을 나누어 드리고 싶은 마음에 식생활의 행복에 기여하는 식음서비스 전문기업 삼성웰스토리에 지원하게 되었으며, 제가 소중하게 느낀 행복을 앞장서서 전달하고 싶습니다. 일의 기량을 닦기 위해서 가장 중요한 것은 실행과 경험이라는 말에 바탕이 두어 단체급식 업무를 배워보고 싶어 군단 사령부 간부식당에서 복무를 하여 협업의 중요성, 위생의 중요성 외의 터득한 경험과 저의장점을 더하여 성과를 발휘하고 싶습니다. 좋은점 1 또 한국을 넘어 글로벌인재로 성장하기 위해 HSK4급을 목표로 중국어회화 공부를 하고 있으며, 글로벌 고객의 니즈를 만족시키는 삼성웰스토리의 조리사가 될 것입니다. 아쉬운점 2 글자수 505 자 867 Byte 좋은점 1 전체적으로 가장 잘 작성된 문장입니다. 본인이 직무에 관심을 갖고 직접 업무를 해 보고자 한 의지와 직무에서 필요한 역량을 경험을 통해 깨달은 점을 이용해 잘 드러나게 작성하였습니다. 이를 통해 기업에서는 지원자의 의지와 열정을 볼 수 있는 문장입니다. 아쉬운점 1 단순히 급식시간의 행복감을 지원동기로 하기에는 미흡한 점이 있습니다. 단체 급식을 갖게 된 계기를 좀 더 구체적이고 현실성 있게 작성이 되면 더 구체적인 지원 동기가 될 것 같습니다. 또한 ‘삼성웰스토리’의 기업분석을 통한 내용을 바탕으로 작성이 된다면 좀 더 신뢰성 있는 문장이 될 것 같습니다. 아쉬운점 2 너무 포괄적인 내용입니다. 차라리 앞의 문장을 더 구체화 시킨 포부로 마무리 하면 좋았을 듯 합니다."
풀무원식품(주),인턴 요리사,Q1. 지원동기 보기,"“고객에 입장에서 생각하는 자세“ 대학교 멘토 시간인 취업 준비와 사회진출 강의 시간에 성공적인 기업 사례 연구조사에 대한 발표를 했었습니다. 그때 저는 기업이 나아가는 방향과 저의 가치관이 일치하는 기업인 풀무원 ECMD에 대한 내용을 발표하였습니다. 식생활에 대한 관심이 커져가고 있는 추세에 나트륨 섭취 줄이기 등의 캠페인과 안전하고 믿을 수 있는 먹거리를 제공하는 것은 아주 중요합니다. 신뢰, 맛, 건강을 기본으로 최상의 상품과 고객행복을 위한 진정성 있는 서비스로 프리미엄 식문화를 선도하고 깨끗한 환경을 먼저 생각하는 바른 기업의 이념을 알게 되면서 저의 가슴을 뛰게 했습니다. 저에게 요리라는 본질은 “훌륭한 요리사”도 아니고 “고급 요리”를 하는 것도 아닙니다.다만 음식을 통해 많은 사람이 행복을 느낀다면 그것이 진정한 요리라고 생각되었습니다.풀무원 ECMD는 저의 이런 본질적인 생각을 할 수 있게 해주었습니다. 글자수 476 자 815 Byte"
풀무원식품(주),인턴 요리사,Q2. 성장환경 보기,"“성공을 얻는데 중요한 열쇠는 자신감이고, 자신감을 얻는데 중요한 열쇠는 준비성이다"" 고등학교 시절 어머니의 수술로 가족의 끼니가 걱정거리였던 적이 있었습니다. 2주간 매일 삼시 세끼를 준비하여야 한다는 부담감에 걱정이 앞서기도 했지만, 그것은 이내 책임감으로 바뀌었습니다. 일단 침착하게 요리 도서와 요리 블로그를 참고하여 저만의 식단표를 작성하였고, 각각 필요한 식재료를 적어서 직접 장도 보고 요리를 했습니다. 병실에 누워계신 어머니께도 음식을 가져다 드렸는데 아주 맛있어 하셨습니다. 음식도 맛있지만 어떻게 이렇게 꼼꼼하게 식단표까지 만들었냐고 하시며 “앞으로 밥은 동영이가 해도 되겠다.”고 웃으시며 말씀하셨습니다. 대견하다고 칭찬해주시는 어머니를 보며 뿌듯함과 행복함을 느낄 수 있었습니다. 그 경험을 통해 저는 어떤 일이든 그 일을 하기 위해서는 준비와 계획이 중요하고, 또한 자신감을 가지고 모든 일에 최선을 다하면 최고의 성과를 창출해 낼 수 있다는 것을 배울 수 있었습니다. 글자수 510 자 881 Byte"
풀무원식품(주),인턴 요리사,Q3. 장점 및 단점 보기,"""준비와 결과는 비례한다.” 저의 장점은 철저한 준비성입니다. 남들보다 한 박자 빨리 준비하는 연습을 통해 좋은 결과를 끌어내도록 노력하였습니다. 조금 빨리 준비를 하게 되면 여러 가지 경우의 수를 생각할 수 있고, 그것은 실패 확률을 줄일 수 있습니다. 철저한 준비성으로 여러 변수에 유연하게 대처하고 좋은 결과로 마무리할 수 있는 것이 저의 장점입니다. “일에 대한 생각쟁이” 일에 대한 생각이 다소 많은 것이 단점입니다. 맡은 바 책임을 중요시 생각하여서 꼭 성공해야 한다는 생각 때문에 고민하는 경우가 종종 있습니다. 이런 점을 보완하기 위해 혼자 일을 하기보다 여러 사람과 팀을 이뤄 일을 해결하려고 노력했습니다. 여러 사람들과 일을 분담하고 다양한 의견을 나누면서 사고하는 능력을 키울 수 있었습니다. 글자수 411 자 699 Byte"
풀무원식품(주),인턴 요리사,Q4. 경험사항 보기,"“경험을 현명하게 사용한다면, 어떤 일도 시간 낭비는 아니다.” 단체급식의 업무 기량을 쌓기 위해서 무엇보다도 중요한 것은 경험이라 생각하여 조리병으로 지원하였습니다. 군단 사령부 간부식당에서 복무를 하면서 늘 같은 메뉴의 반복을 문제점으로 인식하였습니다. 그것을 개선해보고자 매주 수요일에는 조리병들이 메뉴를 결정하고, 당일 식사시간에 메뉴를 알 수 있게 하는 일명 <조리병 데이>를 건의하였습니다. 일단 한번 실시해본 후에 결정을 하겠다는 말씀을 들은 후, 세심한 검토를 거쳐 추진을 하였고 결과는 아주 좋았습니다. 그 후 매주<조리병 데이>는 실시되었고 참모장님께서는 아이디어가 좋다며 큰 칭찬과 함께 포상휴가까지 주셨습니다. 저의 자리에서 늘 열심히 하는 모습과 솔선수범하는 성실한 모습에 군단장님 공관 조리병으로 차출되어 공관에서 식사, 연회 및 각종 행사 음식을 지원하면서 다양한 경험을 할 수 있었고 전역하면서 저의 끈기와 열정이 인정받았다는 것에 뿌듯함을 느꼈습니다. 글자수 504 자 870 Byte"
풀무원식품(주),인턴 요리사,Q5. 입사후 포부 보기,"“행복하려면 우선 부지런해야 한다” 풀무원 ECMD에 입사한다면 부지런함을 제일 첫 번째로 생각하겠습니다. “부지런하게 노력하는 사람은 기회를 놓치지 않으며, 부족할 때는 더더욱 부지런히 노력해 수습하며 비켜간다.” 는 말처럼 항상 부지런함을 기반으로써 개인보다는 조직, 열린 사고를 통하여 먼저 한발 더 움직이는 자세로 팀에 잘 융화 될 수 있는 준비된 인재가 되겠습니다. 또한 조리학도로 진학하여 대학교 4년 동안 이론 공부와 실무에 근접한 실습수업, 대외활동을 수행한 경험을 통하여 어느 위치, 어느 역할에 가더라도 빠르게 적응하여 맡은 바 역할을 꼭 이루어 내도록 하겠습니다. 고객의 건강한 삶의 질을 향상시키고, 전문성을 가진 인재가 되어 풀무원 ECMD의 핵심 인재로 거듭날 것을 약속드립니다. 글자수 401 자 683 Byte"
(주)에스씨케이컴퍼니,신입 요리사,Q1. 성장과정(자신에 대한 소개) 보기,"본인을 `적응의 아이콘`으로 표현하겠습니다. 낯선 분위기에도 저만의 활발함으로 금세 적응합니다. 소극적인 저를 변화시킨 것은 운동입니다. 검도는 머리, 어깨, 손목을 적극적으로 공격해야 점수를 얻습니다. 투구 속 눈빛과 자세만으로 상대를 제압하기 위한 노력이 필요했습니다. 관장님에게 직접 자세교정을 요청했고, 자발적으로 상대를 지목해서 연습도 했습니다. 1년 동안의 검도로 활동성을 얻었고, 그 결과 두 번의 인턴 중에도 빨리 적응하여 작업자들로부터 인정받았습니다. 글자수 271 자 463 Byte"
(주)에스씨케이컴퍼니,신입 요리사,Q2. 지원동기 및 포부 보기,"대학교 입학 후 스타벅스의 체계를 본뜬 CJ 투썸플레이스에서 아르바이트를 시작했습니다. 오픈매장에서 오래 일했지만, 스타벅스를 더 찾게 됐습니다. 그 이유는 주문, 콜링, 음료 제조, 매장 청결이 스타벅스를 따라가기에 역부족이었기 때문입니다. 입문교육부터 차별화됐습니다. OOOOO는 교육 직원 없이 신입 STAFF가 입사하면 근무시간 내에 전체 교육을 한 후, 고객에게 바로 응대하였기 때문에 클레임이 자주 발생했습니다. 반면, 스타벅스는 사전 바리스타 입문교육을 통해 기본적인 내용을 습득하게 하여 질 높은 서비스를 실천합니다. Custom, Siren Order, 4계절 시즌 음료, 이벤트 등 특색있는 마케팅으로 인해 더 자주 찾게 하였습니다. 끊임없는 시도를 통해 두꺼운 소비자층을 만들어나가는 스타벅스를 보고 `발전하는 바리스타`가 되기 위한 최적의 회사라고 느꼈습니다. 누구보다 노력하는 바리스타로 성장하여, 매장 관리와 지역 총괄까지 도맡아 하는 스타벅스의 No. 1 직원이 되겠습니다. 입사 후, 지점 분위기를 빠르게 파악하고 정확한 레시피 숙지, 깔끔한 뒷정리로 고객 클레임을 최소화하겠습니다. 첫 방문 고객들의 충성도를 높이기 위해 Best Custom 음료 추천도 하겠습니다. 무엇보다 일에 자부심을 가지고, 매사 긍정적으로 임할 것입니다. 5년 후, 넓은 통찰력을 가진 DM으로 성장하여 신입 바리스타 교육에 힘쓰겠습니다. 글자수 725 자 1,194 Byte"
씨제이프레시웨이㈜,인턴 요리사,"Q1. 여러분이 선택한 계열사 및 직무에 대한 지원동기는 무엇인가요? 1. 선택한 계열사가 아니면 안되는 이유, 2. 직무에 관심갖게된 계기, 3. 본인이 직무를 잘 수행할 수 있는 이유 (본인의 강점, 준비, 관련 경험에 근거)를 반드시 포함하여 구체적으로 작성해 주세요. (1,000자) 보기","사람들은 남녀노소 국적을 불문하고 맛있는 음식을 먹을 때 행복해 합니다. 저도 그 중 하나입니다. 먹고 싶은 음식을 만들어 먹고 주위 분들에게 요리를 대접하는게 어렸을 때는 하나의 놀이처럼 여겨졌는데 식품영양학과를 들어가서 영양사라는 직업에 대해서 알게 되면서 영양사라면 맛있는 음식을 많은 사람들에게 대접하면서 행복하게 해드릴 수 있겠구나 하는 생각이 들었습니다. 좋은 것을 많은 사람들에게 나누자는 저의 신념이 전세계를 목표로 하는 씨제이 프레시웨이의 비전과 미션에 일맥상통합니다. 하지만 저는 지역적으로 도심에 사는 사람들에 비해 접할 수 있는 문화적인 행사나 프로그램이 적었습니다. 저에게 이익이 될 수 있는 여러 가지 프로그램들은 대부분 그림의 떡이었습니다. 그림의 떡을 직접 먹어봐야지만 사람들에게 그 맛있는 떡을 해줄 수 있겠다는 생각 때문에 제 행동지침은 ‘직접 가서 접해보자’였습니다. 직접 해보자는 행동지침 덕분에 제가 배운 교훈 중 가장 큰 교훈은 ‘음식은 역시 먹어봐야 안다’는 것입니다. 아무리 책으로 보고, 사람들의 말을 들어도 제가 직접 먹어본 것만 못합니다. 영양사가 되어서 식단을 작성할 때 그 식단의 맛을 모른다는 것은 말이 되지 않는 일입니다. 그 맛을 알고 식단의 전체적인 어울림까지 그려낼 줄 아는 영양사가 될 수 있는 *** 지원자입니다. 글자수 676 자 1,159 Byte"
씨제이프레시웨이㈜,인턴 요리사,"Q2. 입사 후 이루고 싶은 목표는 무엇이며, 목표를 이루기 위하여 어떠한 준비와 노력이 필요하다고 생각하는지 기술해 주세요. 보기","신입 영양사로서 ‘즐건이’라는 목표가 있습니다. ‘즐건이’란 급식이 즐겁고, 건강하고, 이익을 창출해야 한다는 것입니다. 첫째로 급식이 즐거워야 합니다. 식사를 하시는 분들이 즐겁게 드셔야 건강에도 좋고 소화흡수도 잘 됩니다. 이를 위해서 가장 먼저 급식 카페를 만들어서 피급식자들과 소통을 해야 할 것입니다. 식사공간을 쾌적하게 만들고 항상 밝은 얼굴로 서비스를 제공해드립니다. 일주일에 한번씩 하는 특식도 단순히 색다른 식단을 제공하는 것에서 그치지는 것이 아니라 피급식자들도 직접 참여할 수 있는 작은 이벤트를 만들어서 식사를 하시면서 웃을 수 있게 할 것입니다. 두 번째로 급식은 건강해야 합니다. 식재료를 납품 받는 업체에서부터 HACCP 인증을 받은 곳을 사용하고 음식은 궁합에 맞게 사용합니다. 궁합이 좋은 음식을 함께 섭취하면 식품의 단점을 막아주기도 하고 영양성분을 증가시켜주는 시너지 효과도 얻을 수 있습니다. 마지막으로 급식은 이익을 창출해야 합니다. 아무리 만족도가 높아도 잔반률이 높다면 재정적으로나 환경적으로나 막심한 손해일 것입니다. 그렇기 때문에 항상 식수인원을 예상하여서 준비를 하고 남은 잔반은 푸드뱅크나 가축업자를 이용하도록 합니다. 글자수 614 자 1,056 Byte"
